{"cameraMode":{"drawMode":0,"name":"Shaded","section":"Shading Mode"},"sceneLighting":true,"audioPlay":false,"sceneViewState":{"m_AlwaysRefresh":false,"showFog":true,"showSkybox":true,"showFlares":true,"showImageEffects":true,"showParticleSystems":true,"showVisualEffectGraphs":true,"m_FxEnabled":true},"in2DMode":false,"pivot":{"x":-24.894237518310548,"y":30.832731246948243,"z":873.3419799804688},"rotation":{"x":0.3278658092021942,"y":-0.003233828116208315,"z":0.0030405032448470594,"w":0.9451606273651123},"size":6.438425064086914,"orthographic":false}