{"cameraMode":{"drawMode":0,"name":"Shaded","section":"Shading Mode"},"sceneLighting":true,"audioPlay":false,"sceneViewState":{"m_AlwaysRefresh":false,"showFog":true,"showSkybox":true,"showFlares":true,"showImageEffects":true,"showParticleSystems":true,"showVisualEffectGraphs":true,"m_FxEnabled":true},"in2DMode":false,"pivot":{"x":11.82475757598877,"y":8.772530555725098,"z":25.147233963012697},"rotation":{"x":0.22900602221488954,"y":-0.25138622522354128,"z":0.06164779141545296,"w":0.9385147094726563},"size":26.37192153930664,"orthographic":false}