{"cameraMode":{"drawMode":0,"name":"Shaded","section":"Shading Mode"},"sceneLighting":true,"audioPlay":false,"sceneViewState":{"m_AlwaysRefresh":false,"showFog":true,"showSkybox":true,"showFlares":true,"showImageEffects":true,"showParticleSystems":true,"showVisualEffectGraphs":true,"m_FxEnabled":true},"in2DMode":false,"pivot":{"x":-12.262005805969239,"y":14.493714332580567,"z":625.9907836914063},"rotation":{"x":0.1219080463051796,"y":-0.6960932016372681,"z":0.12216686457395554,"w":0.6972665786743164},"size":14.980173110961914,"orthographic":false}